product,aps,series_id,date,horizon,target_date,forecast,forecast_ensemble,year,month
AH,ACNF,AH|ACNF,2024-12-01,1,2025-01-01,12467.683614345593,12545.746891476476,2025,Jan
AH,ACNF,AH|ACNF,2024-12-01,2,2025-02-01,13455.875745043444,12923.300596034756,2025,Feb
AH,ACNF,AH|ACNF,2024-12-01,3,2025-03-01,14974.415712717524,14590.332570174021,2025,Mar
AH,ACNF,AH|ACNF,2024-12-01,4,2025-04-01,16346.590764912775,16307.07261193022,2025,Apr
AH,ACNF,AH|ACNF,2024-12-01,5,2025-05-01,17108.39459812701,17289.715678501612,2025,May
AH,ACNF,AH|ACNF,2024-12-01,6,2025-06-01,17359.31862638793,17468.454901110345,2025,Jun
AH,ACNF,AH|ACNF,2024-12-01,7,2025-07-01,16901.001596282782,17484.201277026226,2025,Jul
AH,ACNF,AH|ACNF,2024-12-01,8,2025-08-01,16069.412548641694,16370.530038913355,2025,Aug
AH,ACNF,AH|ACNF,2024-12-01,9,2025-09-01,14196.574035301475,14915.25922824118,2025,Sep
AH,ACNF,AH|ACNF,2024-12-01,10,2025-10-01,13280.670051161374,13816.9360409291,2025,Oct
AH,ACNF,AH|ACNF,2024-12-01,11,2025-11-01,12761.35029109231,12917.08023287385,2025,Nov
AH,ACNF,AH|ACNF,2024-12-01,12,2025-12-01,13077.857574377442,12817.486059501955,2025,Dec
AH,AH_FIT,AH|AH_FIT,2024-12-01,1,2025-01-01,7597.691233126919,7692.152986501535,2025,Jan
AH,AH_FIT,AH|AH_FIT,2024-12-01,2,2025-02-01,8401.642607830172,8705.514086264138,2025,Feb
AH,AH_FIT,AH|AH_FIT,2024-12-01,3,2025-03-01,8697.867626978234,8517.094101582588,2025,Mar
AH,AH_FIT,AH|AH_FIT,2024-12-01,4,2025-04-01,10061.377572861413,10247.50205828913,2025,Apr
AH,AH_FIT,AH|AH_FIT,2024-12-01,5,2025-05-01,11127.788053712098,11210.23044296968,2025,May
AH,AH_FIT,AH|AH_FIT,2024-12-01,6,2025-06-01,11697.23074987189,11757.784599897512,2025,Jun
AH,AH_FIT,AH|AH_FIT,2024-12-01,7,2025-07-01,11946.54760134802,12324.038081078415,2025,Jul
AH,AH_FIT,AH|AH_FIT,2024-12-01,8,2025-08-01,11743.760720898928,11708.808576719144,2025,Aug
AH,AH_FIT,AH|AH_FIT,2024-12-01,9,2025-09-01,10849.670477835527,11063.936382268423,2025,Sep
AH,AH_FIT,AH|AH_FIT,2024-12-01,10,2025-10-01,9550.946728588677,9709.157382870942,2025,Oct
AH,AH_FIT,AH|AH_FIT,2024-12-01,11,2025-11-01,8744.356169661838,8782.48493572947,2025,Nov
AH,AH_FIT,AH|AH_FIT,2024-12-01,12,2025-12-01,8377.104059089694,8467.683247271754,2025,Dec
AH,AH_R,AH|AH_R,2024-12-01,1,2025-01-01,6805.5834349845945,7054.666747987676,2025,Jan
AH,AH_R,AH|AH_R,2024-12-01,2,2025-02-01,7840.966889617539,7595.173511694031,2025,Feb
AH,AH_R,AH|AH_R,2024-12-01,3,2025-03-01,8777.77028658807,8585.816229270456,2025,Mar
AH,AH_R,AH|AH_R,2024-12-01,4,2025-04-01,9600.461044550475,9769.96883564038,2025,Apr
AH,AH_R,AH|AH_R,2024-12-01,5,2025-05-01,10292.17899422536,10486.143195380288,2025,May
AH,AH_R,AH|AH_R,2024-12-01,6,2025-06-01,10671.372977635998,10816.0983821088,2025,Jun
AH,AH_R,AH|AH_R,2024-12-01,7,2025-07-01,10503.091960599582,11045.073568479667,2025,Jul
AH,AH_R,AH|AH_R,2024-12-01,8,2025-08-01,9971.886678029281,10234.109342423426,2025,Aug
AH,AH_R,AH|AH_R,2024-12-01,9,2025-09-01,9064.945623910975,9467.556499128781,2025,Sep
AH,AH_R,AH|AH_R,2024-12-01,10,2025-10-01,8126.874315610774,8441.89945248862,2025,Oct
AH,AH_R,AH|AH_R,2024-12-01,11,2025-11-01,7534.79493100972,7763.6359448077765,2025,Nov
AH,AH_R,AH|AH_R,2024-12-01,12,2025-12-01,7639.293598867763,7713.234879094211,2025,Dec
AH,ALL,AH|ALL,2024-12-01,1,2025-01-01,55226.63191525867,56404.70553220694,2025,Jan
AH,ALL,AH|ALL,2024-12-01,2,2025-02-01,60907.871386782994,59634.0971094264,2025,Feb
AH,ALL,AH|ALL,2024-12-01,3,2025-03-01,66090.70907435361,64782.567259482894,2025,Mar
AH,ALL,AH|ALL,2024-12-01,4,2025-04-01,73927.10761239816,73821.28608991853,2025,Apr
AH,ALL,AH|ALL,2024-12-01,5,2025-05-01,82948.45365494995,83185.16292395996,2025,May
AH,ALL,AH|ALL,2024-12-01,6,2025-06-01,85388.74538734836,85251.3963098787,2025,Jun
AH,ALL,AH|ALL,2024-12-01,7,2025-07-01,87257.12737693997,89305.50190155198,2025,Jul
AH,ALL,AH|ALL,2024-12-01,8,2025-08-01,84471.15217095574,84235.92173676459,2025,Aug
AH,ALL,AH|ALL,2024-12-01,9,2025-09-01,75848.42475610526,77256.33980488422,2025,Sep
AH,ALL,AH|ALL,2024-12-01,10,2025-10-01,68062.63677412855,69255.50941930283,2025,Oct
AH,ALL,AH|ALL,2024-12-01,11,2025-11-01,59983.16058943264,61011.728471546114,2025,Nov
AH,ALL,AH|ALL,2024-12-01,12,2025-12-01,56098.2152072464,56979.57216579712,2025,Dec
AH,AWUF,AH|AWUF,2024-12-01,1,2025-01-01,7236.584189083389,7456.067351266712,2025,Jan
AH,AWUF,AH|AWUF,2024-12-01,2,2025-02-01,7985.775426574223,7757.620341259379,2025,Feb
AH,AWUF,AH|AWUF,2024-12-01,3,2025-03-01,8875.589875573021,8701.471900458419,2025,Mar
AH,AWUF,AH|AWUF,2024-12-01,4,2025-04-01,9638.412084984613,9882.12966798769,2025,Apr
AH,AWUF,AH|AWUF,2024-12-01,5,2025-05-01,10210.386407870212,10403.10912629617,2025,May
AH,AWUF,AH|AWUF,2024-12-01,6,2025-06-01,10389.294870306712,10652.235896245369,2025,Jun
AH,AWUF,AH|AWUF,2024-12-01,7,2025-07-01,10419.931009885548,10954.544807908438,2025,Jul
AH,AWUF,AH|AWUF,2024-12-01,8,2025-08-01,9888.115623363832,10134.692498691067,2025,Aug
AH,AWUF,AH|AWUF,2024-12-01,9,2025-09-01,8830.147732261252,9184.518185809002,2025,Sep
AH,AWUF,AH|AWUF,2024-12-01,10,2025-10-01,8230.978300396107,8592.582640316887,2025,Oct
AH,AWUF,AH|AWUF,2024-12-01,11,2025-11-01,7694.692417705051,7877.753934164041,2025,Nov
AH,AWUF,AH|AWUF,2024-12-01,12,2025-12-01,7832.784701055028,7898.827760844023,2025,Dec
AH,MB,AH|MB,2024-12-01,1,2025-01-01,20478.02419941297,21143.219359530376,2025,Jan
AH,MB,AH|MB,2024-12-01,2,2025-02-01,21912.29739944435,21603.43791955548,2025,Feb
AH,MB,AH|MB,2024-12-01,3,2025-03-01,25086.933502669355,24645.346802135486,2025,Mar
AH,MB,AH|MB,2024-12-01,4,2025-04-01,27860.21983263419,27278.575866107356,2025,Apr
AH,MB,AH|MB,2024-12-01,5,2025-05-01,29942.32713878405,30382.061711027243,2025,May
AH,MB,AH|MB,2024-12-01,6,2025-06-01,32081.014913028783,32004.411930423026,2025,Jun
AH,MB,AH|MB,2024-12-01,7,2025-07-01,32779.357676635336,33731.88614130827,2025,Jul
AH,MB,AH|MB,2024-12-01,8,2025-08-01,31230.22065791602,31333.576526332818,2025,Aug
AH,MB,AH|MB,2024-12-01,9,2025-09-01,28235.278268632457,28887.62261490597,2025,Sep
AH,MB,AH|MB,2024-12-01,10,2025-10-01,26335.28090650881,26664.624725207053,2025,Oct
AH,MB,AH|MB,2024-12-01,11,2025-11-01,22760.623381616137,23280.89870529291,2025,Nov
AH,MB,AH|MB,2024-12-01,12,2025-12-01,20595.327058224444,21221.661646579556,2025,Dec
CL,ALL,CL|ALL,2024-12-01,1,2025-01-01,26661.280334247505,26249.224267398007,2025,Jan
CL,ALL,CL|ALL,2024-12-01,2,2025-02-01,30059.050880587154,29093.040704469724,2025,Feb
CL,ALL,CL|ALL,2024-12-01,3,2025-03-01,33159.52232437405,31906.417859499237,2025,Mar
CL,ALL,CL|ALL,2024-12-01,4,2025-04-01,36508.08081020319,36765.864648162555,2025,Apr
CL,ALL,CL|ALL,2024-12-01,5,2025-05-01,40700.79437955315,40343.63550364252,2025,May
CL,ALL,CL|ALL,2024-12-01,6,2025-06-01,42817.40612429949,43348.92489943959,2025,Jun
CL,ALL,CL|ALL,2024-12-01,7,2025-07-01,43929.982116500694,44841.78569320056,2025,Jul
CL,ALL,CL|ALL,2024-12-01,8,2025-08-01,42478.8990373062,42571.11922984496,2025,Aug
CL,ALL,CL|ALL,2024-12-01,9,2025-09-01,39401.815388750656,38876.452311000525,2025,Sep
CL,ALL,CL|ALL,2024-12-01,10,2025-10-01,35678.18004304448,35804.94403443558,2025,Oct
CL,ALL,CL|ALL,2024-12-01,11,2025-11-01,33207.712769602964,32251.970215682373,2025,Nov
CL,ALL,CL|ALL,2024-12-01,12,2025-12-01,33753.60315563249,32229.68252450599,2025,Dec
CL,CL,CL|CL,2024-12-01,1,2025-01-01,13981.705477145784,13275.764381716628,2025,Jan
CL,CL,CL|CL,2024-12-01,2,2025-02-01,14586.893226698496,13887.714581358798,2025,Feb
CL,CL,CL|CL,2024-12-01,3,2025-03-01,15861.374878861883,15048.699903089508,2025,Mar
CL,CL,CL|CL,2024-12-01,4,2025-04-01,17492.35146809092,16992.081174472736,2025,Apr
CL,CL,CL|CL,2024-12-01,5,2025-05-01,18932.16446505581,18472.931572044647,2025,May
CL,CL,CL|CL,2024-12-01,6,2025-06-01,19760.693454140623,20235.1547633125,2025,Jun
CL,CL,CL|CL,2024-12-01,7,2025-07-01,19947.533672869416,20137.026938295534,2025,Jul
CL,CL,CL|CL,2024-12-01,8,2025-08-01,19366.321556660077,19091.057245328062,2025,Aug
CL,CL,CL|CL,2024-12-01,9,2025-09-01,17545.889072925518,17268.111258340417,2025,Sep
CL,CL,CL|CL,2024-12-01,10,2025-10-01,16123.405526219933,16138.124420975946,2025,Oct
CL,CL,CL|CL,2024-12-01,11,2025-11-01,14861.83179866454,14355.865438931633,2025,Nov
CL,CL,CL|CL,2024-12-01,12,2025-12-01,14952.0170964303,14183.21367714424,2025,Dec
CL,CL_FIT,CL|CL_FIT,2024-12-01,1,2025-01-01,5208.460668318641,5112.5685346549135,2025,Jan
CL,CL_FIT,CL|CL_FIT,2024-12-01,2,2025-02-01,5532.305502975692,5413.844402380554,2025,Feb
CL,CL_FIT,CL|CL_FIT,2024-12-01,3,2025-03-01,5918.19616151661,5784.356929213289,2025,Mar
CL,CL_FIT,CL|CL_FIT,2024-12-01,4,2025-04-01,6591.144620970419,6705.115696776335,2025,Apr
CL,CL_FIT,CL|CL_FIT,2024-12-01,5,2025-05-01,7276.269078018548,7260.015262414839,2025,May
CL,CL_FIT,CL|CL_FIT,2024-12-01,6,2025-06-01,7522.2906836172415,7596.432546893794,2025,Jun
CL,CL_FIT,CL|CL_FIT,2024-12-01,7,2025-07-01,7705.3505539483,7960.680443158641,2025,Jul
CL,CL_FIT,CL|CL_FIT,2024-12-01,8,2025-08-01,7458.784178593069,7671.627342874455,2025,Aug
CL,CL_FIT,CL|CL_FIT,2024-12-01,9,2025-09-01,6776.761487144351,6818.009189715482,2025,Sep
CL,CL_FIT,CL|CL_FIT,2024-12-01,10,2025-10-01,6113.2570506376205,6186.205640510097,2025,Oct
CL,CL_FIT,CL|CL_FIT,2024-12-01,11,2025-11-01,5590.228525409904,5557.182820327924,2025,Nov
CL,CL_FIT,CL|CL_FIT,2024-12-01,12,2025-12-01,5556.123605216784,5458.698884173427,2025,Dec
CL,CL_MB,CL|CL_MB,2024-12-01,1,2025-01-01,11106.894275656521,10769.515420525217,2025,Jan
CL,CL_MB,CL|CL_MB,2024-12-01,2,2025-02-01,12154.415138183578,11563.132110546863,2025,Feb
CL,CL_MB,CL|CL_MB,2024-12-01,3,2025-03-01,13498.747662872409,12768.398130297928,2025,Mar
CL,CL_MB,CL|CL_MB,2024-12-01,4,2025-04-01,15085.782952061934,15197.626361649549,2025,Apr
CL,CL_MB,CL|CL_MB,2024-12-01,5,2025-05-01,16407.157318073536,16142.525854458829,2025,May
CL,CL_MB,CL|CL_MB,2024-12-01,6,2025-06-01,17275.766532142243,16910.413225713794,2025,Jun
CL,CL_MB,CL|CL_MB,2024-12-01,7,2025-07-01,17519.512377865703,17738.009902292564,2025,Jul
CL,CL_MB,CL|CL_MB,2024-12-01,8,2025-08-01,16813.746151998654,16736.396921598924,2025,Aug
CL,CL_MB,CL|CL_MB,2024-12-01,9,2025-09-01,15202.035472895257,14888.628378316207,2025,Sep
CL,CL_MB,CL|CL_MB,2024-12-01,10,2025-10-01,13889.111402299272,13838.689121839418,2025,Oct
CL,CL_MB,CL|CL_MB,2024-12-01,11,2025-11-01,12320.419564305148,11990.735651444118,2025,Nov
CL,CL_MB,CL|CL_MB,2024-12-01,12,2025-12-01,12645.645661533374,12107.916529226699,2025,Dec
CN,ALL,CN|ALL,2024-12-01,1,2025-01-01,40820.40434756689,42467.723478053515,2025,Jan
CN,ALL,CN|ALL,2024-12-01,2,2025-02-01,44142.22501922623,43794.98001538099,2025,Feb
CN,ALL,CN|ALL,2024-12-01,3,2025-03-01,49917.01171973699,49374.20937578959,2025,Mar
CN,ALL,CN|ALL,2024-12-01,4,2025-04-01,58219.92110808702,56108.93688646962,2025,Apr
CN,ALL,CN|ALL,2024-12-01,5,2025-05-01,63844.21199619568,63621.56959695654,2025,May
CN,ALL,CN|ALL,2024-12-01,6,2025-06-01,69138.68961467239,68273.95169173792,2025,Jun
CN,ALL,CN|ALL,2024-12-01,7,2025-07-01,68782.48156035213,69927.78524828171,2025,Jul
CN,ALL,CN|ALL,2024-12-01,8,2025-08-01,67510.21266180543,66878.17012944435,2025,Aug
CN,ALL,CN|ALL,2024-12-01,9,2025-09-01,61415.68729317836,62488.74983454269,2025,Sep
CN,ALL,CN|ALL,2024-12-01,10,2025-10-01,54529.60620908976,54003.68496727181,2025,Oct
CN,ALL,CN|ALL,2024-12-01,11,2025-11-01,49044.88238059526,49291.30590447621,2025,Nov
CN,ALL,CN|ALL,2024-12-01,12,2025-12-01,44552.501686578995,44150.0013492632,2025,Dec
CN,CN_1PH,CN|CN_1PH,2024-12-01,1,2025-01-01,27549.921603797633,28890.737283038106,2025,Jan
CN,CN_1PH,CN|CN_1PH,2024-12-01,2,2025-02-01,29983.990659338742,29467.592527470995,2025,Feb
CN,CN_1PH,CN|CN_1PH,2024-12-01,3,2025-03-01,33199.03730251045,32612.02984200836,2025,Mar
CN,CN_1PH,CN|CN_1PH,2024-12-01,4,2025-04-01,38400.34756608793,37033.87805287034,2025,Apr
CN,CN_1PH,CN|CN_1PH,2024-12-01,5,2025-05-01,42517.67507015818,42185.340056126544,2025,May
CN,CN_1PH,CN|CN_1PH,2024-12-01,6,2025-06-01,45308.72924295533,44685.78339436427,2025,Jun
CN,CN_1PH,CN|CN_1PH,2024-12-01,7,2025-07-01,45985.62941507164,46294.70353205732,2025,Jul
CN,CN_1PH,CN|CN_1PH,2024-12-01,8,2025-08-01,44695.66474414335,44177.731795314685,2025,Aug
CN,CN_1PH,CN|CN_1PH,2024-12-01,9,2025-09-01,41703.5376785858,41981.63014286865,2025,Sep
CN,CN_1PH,CN|CN_1PH,2024-12-01,10,2025-10-01,36740.38043134849,36301.304345078795,2025,Oct
CN,CN_1PH,CN|CN_1PH,2024-12-01,11,2025-11-01,35364.657418412455,34702.32593472997,2025,Nov
CN,CN_1PH,CN|CN_1PH,2024-12-01,12,2025-12-01,34628.509970905645,33339.80797672452,2025,Dec
CN,CN_3PH,CN|CN_3PH,2024-12-01,1,2025-01-01,4434.3352560353915,4396.068204828313,2025,Jan
CN,CN_3PH,CN|CN_3PH,2024-12-01,2,2025-02-01,4759.417469488783,4670.933975591027,2025,Feb
CN,CN_3PH,CN|CN_3PH,2024-12-01,3,2025-03-01,5201.394054300999,5089.7152434408,2025,Mar
CN,CN_3PH,CN|CN_3PH,2024-12-01,4,2025-04-01,5806.71232600956,5628.969860807648,2025,Apr
CN,CN_3PH,CN|CN_3PH,2024-12-01,5,2025-05-01,6496.060319223681,6424.448255378946,2025,May
CN,CN_3PH,CN|CN_3PH,2024-12-01,6,2025-06-01,6736.265291687569,6667.4122333500545,2025,Jun
CN,CN_3PH,CN|CN_3PH,2024-12-01,7,2025-07-01,6776.50873709387,6923.406989675096,2025,Jul
CN,CN_3PH,CN|CN_3PH,2024-12-01,8,2025-08-01,6692.411279366129,6623.529023492903,2025,Aug
CN,CN_3PH,CN|CN_3PH,2024-12-01,9,2025-09-01,6123.804804456439,6204.043843565151,2025,Sep
CN,CN_3PH,CN|CN_3PH,2024-12-01,10,2025-10-01,5473.993120562709,5449.994496450167,2025,Oct
CN,CN_3PH,CN|CN_3PH,2024-12-01,11,2025-11-01,4925.946553846753,5002.557243077403,2025,Nov
CN,CN_3PH,CN|CN_3PH,2024-12-01,12,2025-12-01,4889.954863944617,4741.763891155693,2025,Dec
CN,CN_FIT,CN|CN_FIT,2024-12-01,1,2025-01-01,11353.221259420521,11194.577007536418,2025,Jan
CN,CN_FIT,CN|CN_FIT,2024-12-01,2,2025-02-01,12180.028442953251,11881.4227543626,2025,Feb
CN,CN_FIT,CN|CN_FIT,2024-12-01,3,2025-03-01,13366.428162788288,13152.342530230631,2025,Mar
CN,CN_FIT,CN|CN_FIT,2024-12-01,4,2025-04-01,15253.820390129738,14438.856312103791,2025,Apr
CN,CN_FIT,CN|CN_FIT,2024-12-01,5,2025-05-01,16589.122499494504,16418.697999595606,2025,May
CN,CN_FIT,CN|CN_FIT,2024-12-01,6,2025-06-01,17375.167790722593,17145.934232578074,2025,Jun
CN,CN_FIT,CN|CN_FIT,2024-12-01,7,2025-07-01,17909.205410692106,18220.764328553687,2025,Jul
CN,CN_FIT,CN|CN_FIT,2024-12-01,8,2025-08-01,17014.130518590206,16790.504414872164,2025,Aug
CN,CN_FIT,CN|CN_FIT,2024-12-01,9,2025-09-01,15649.018508009982,15951.614806407986,2025,Sep
CN,CN_FIT,CN|CN_FIT,2024-12-01,10,2025-10-01,13888.411584432113,13510.929267545693,2025,Oct
CN,CN_FIT,CN|CN_FIT,2024-12-01,11,2025-11-01,12558.60172970268,12629.881383762144,2025,Nov
CN,CN_FIT,CN|CN_FIT,2024-12-01,12,2025-12-01,12418.35961913942,11975.887695311538,2025,Dec
FN,ALL,FN|ALL,2024-12-01,1,2025-01-01,63454.44744099038,63959.75795279231,2025,Jan
FN,ALL,FN|ALL,2024-12-01,2,2025-02-01,58560.0504041907,59951.04032335256,2025,Feb
FN,ALL,FN|ALL,2024-12-01,3,2025-03-01,54559.23681730436,55792.18945384349,2025,Mar
FN,ALL,FN|ALL,2024-12-01,4,2025-04-01,48402.6021089509,47996.081687160724,2025,Apr
FN,ALL,FN|ALL,2024-12-01,5,2025-05-01,43118.59516978799,42879.076135830386,2025,May
FN,ALL,FN|ALL,2024-12-01,6,2025-06-01,39180.01565687905,39499.212525503244,2025,Jun
FN,ALL,FN|ALL,2024-12-01,7,2025-07-01,41420.39664671796,39923.71731737437,2025,Jul
FN,ALL,FN|ALL,2024-12-01,8,2025-08-01,45501.028016614924,43565.42241329194,2025,Aug
FN,ALL,FN|ALL,2024-12-01,9,2025-09-01,49811.44957296426,48732.75965837141,2025,Sep
FN,ALL,FN|ALL,2024-12-01,10,2025-10-01,57460.763457149624,55682.2107657197,2025,Oct
FN,ALL,FN|ALL,2024-12-01,11,2025-11-01,60650.99285363476,60031.59428290781,2025,Nov
FN,ALL,FN|ALL,2024-12-01,12,2025-12-01,61447.812226474125,61028.0497811793,2025,Dec
FN,FN_80_MULTI,FN|FN_80_MULTI,2024-12-01,1,2025-01-01,15014.847332091944,15283.477865673556,2025,Jan
FN,FN_80_MULTI,FN|FN_80_MULTI,2024-12-01,2,2025-02-01,14185.512046371156,14499.009637096926,2025,Feb
FN,FN_80_MULTI,FN|FN_80_MULTI,2024-12-01,3,2025-03-01,13322.538039656138,13606.83043172491,2025,Mar
FN,FN_80_MULTI,FN|FN_80_MULTI,2024-12-01,4,2025-04-01,11266.375373336396,11258.500298669116,2025,Apr
FN,FN_80_MULTI,FN|FN_80_MULTI,2024-12-01,5,2025-05-01,10552.614176987367,10482.491341589894,2025,May
FN,FN_80_MULTI,FN|FN_80_MULTI,2024-12-01,6,2025-06-01,9928.346655099514,9866.277324079612,2025,Jun
FN,FN_80_MULTI,FN|FN_80_MULTI,2024-12-01,7,2025-07-01,9728.550964421396,9410.240771537117,2025,Jul
FN,FN_80_MULTI,FN|FN_80_MULTI,2024-12-01,8,2025-08-01,10793.073122788654,10459.458498230922,2025,Aug
FN,FN_80_MULTI,FN|FN_80_MULTI,2024-12-01,9,2025-09-01,11683.623892215377,11403.899113772302,2025,Sep
FN,FN_80_MULTI,FN|FN_80_MULTI,2024-12-01,10,2025-10-01,13730.656192233762,13263.524953787011,2025,Oct
FN,FN_80_MULTI,FN|FN_80_MULTI,2024-12-01,11,2025-11-01,14906.38590273668,14683.108722189345,2025,Nov
FN,FN_80_MULTI,FN|FN_80_MULTI,2024-12-01,12,2025-12-01,15281.782220213854,14949.625776171084,2025,Dec
FN,FN_80_VAR,FN|FN_80_VAR,2024-12-01,1,2025-01-01,29190.748465242676,29416.19877219414,2025,Jan
FN,FN_80_VAR,FN|FN_80_VAR,2024-12-01,2,2025-02-01,27720.335142930926,28177.668114344742,2025,Feb
FN,FN_80_VAR,FN|FN_80_VAR,2024-12-01,3,2025-03-01,25835.666637250335,26201.53330980027,2025,Mar
FN,FN_80_VAR,FN|FN_80_VAR,2024-12-01,4,2025-04-01,23171.58415884011,22756.267327072088,2025,Apr
FN,FN_80_VAR,FN|FN_80_VAR,2024-12-01,5,2025-05-01,21332.98233796213,20823.585870369705,2025,May
FN,FN_80_VAR,FN|FN_80_VAR,2024-12-01,6,2025-06-01,20443.18772163197,20111.550177305577,2025,Jun
FN,FN_80_VAR,FN|FN_80_VAR,2024-12-01,7,2025-07-01,20644.46514948663,19674.572119589306,2025,Jul
FN,FN_80_VAR,FN|FN_80_VAR,2024-12-01,8,2025-08-01,21848.164977189987,20772.93198175199,2025,Aug
FN,FN_80_VAR,FN|FN_80_VAR,2024-12-01,9,2025-09-01,23339.42863810623,22745.742910484987,2025,Sep
FN,FN_80_VAR,FN|FN_80_VAR,2024-12-01,10,2025-10-01,26073.374812505925,25565.49985000474,2025,Oct
FN,FN_80_VAR,FN|FN_80_VAR,2024-12-01,11,2025-11-01,27965.64771709152,27590.91817367322,2025,Nov
FN,FN_80_VAR,FN|FN_80_VAR,2024-12-01,12,2025-12-01,28526.963143467867,28410.570514774296,2025,Dec
FN,FN_90_MULTI,FN|FN_90_MULTI,2024-12-01,1,2025-01-01,9121.070693390233,9428.256554712187,2025,Jan
FN,FN_90_MULTI,FN|FN_90_MULTI,2024-12-01,2,2025-02-01,8827.319435213765,9267.655548171013,2025,Feb
FN,FN_90_MULTI,FN|FN_90_MULTI,2024-12-01,3,2025-03-01,8222.46002945649,8597.568023565193,2025,Mar
FN,FN_90_MULTI,FN|FN_90_MULTI,2024-12-01,4,2025-04-01,7275.653695410047,7365.522956328037,2025,Apr
FN,FN_90_MULTI,FN|FN_90_MULTI,2024-12-01,5,2025-05-01,6613.1366903769185,6738.509352301535,2025,May
FN,FN_90_MULTI,FN|FN_90_MULTI,2024-12-01,6,2025-06-01,6439.246420208182,6510.997136166547,2025,Jun
FN,FN_90_MULTI,FN|FN_90_MULTI,2024-12-01,7,2025-07-01,6667.735865991424,6462.18869279314,2025,Jul
FN,FN_90_MULTI,FN|FN_90_MULTI,2024-12-01,8,2025-08-01,6949.86881202622,6656.095049620976,2025,Aug
FN,FN_90_MULTI,FN|FN_90_MULTI,2024-12-01,9,2025-09-01,7376.475263444414,7416.380210755531,2025,Sep
FN,FN_90_MULTI,FN|FN_90_MULTI,2024-12-01,10,2025-10-01,8362.163854869688,8230.731083895751,2025,Oct
FN,FN_90_MULTI,FN|FN_90_MULTI,2024-12-01,11,2025-11-01,8649.691898620005,8907.553518896006,2025,Nov
FN,FN_90_MULTI,FN|FN_90_MULTI,2024-12-01,12,2025-12-01,8757.126404034747,9013.501123227798,2025,Dec
FN,FN_90_VAR,FN|FN_90_VAR,2024-12-01,1,2025-01-01,7869.604154812515,8025.2833238500125,2025,Jan
FN,FN_90_VAR,FN|FN_90_VAR,2024-12-01,2,2025-02-01,7793.335314149486,7979.868251319589,2025,Feb
FN,FN_90_VAR,FN|FN_90_VAR,2024-12-01,3,2025-03-01,7182.730017195971,7389.5840137567775,2025,Mar
FN,FN_90_VAR,FN|FN_90_VAR,2024-12-01,4,2025-04-01,6211.371405893805,6233.697124715045,2025,Apr
FN,FN_90_VAR,FN|FN_90_VAR,2024-12-01,5,2025-05-01,5581.820379785905,5604.056303828725,2025,May
FN,FN_90_VAR,FN|FN_90_VAR,2024-12-01,6,2025-06-01,5028.4462714679175,5137.757017174334,2025,Jun
FN,FN_90_VAR,FN|FN_90_VAR,2024-12-01,7,2025-07-01,4899.200777964407,4792.360622371526,2025,Jul
FN,FN_90_VAR,FN|FN_90_VAR,2024-12-01,8,2025-08-01,5277.616387509794,5171.093110007835,2025,Aug
FN,FN_90_VAR,FN|FN_90_VAR,2024-12-01,9,2025-09-01,5708.465808129231,5803.972646503385,2025,Sep
FN,FN_90_VAR,FN|FN_90_VAR,2024-12-01,10,2025-10-01,6587.957621098491,6457.166096878793,2025,Oct
FN,FN_90_VAR,FN|FN_90_VAR,2024-12-01,11,2025-11-01,7073.604696003607,7205.483756802887,2025,Nov
FN,FN_90_VAR,FN|FN_90_VAR,2024-12-01,12,2025-12-01,7477.378351393932,7530.702681115145,2025,Dec
HP,ALL,HP|ALL,2024-12-01,1,2025-01-01,60273.49055372448,59793.19244297958,2025,Jan
HP,ALL,HP|ALL,2024-12-01,2,2025-02-01,64499.51081671461,64389.20865337169,2025,Feb
HP,ALL,HP|ALL,2024-12-01,3,2025-03-01,69443.02624254476,68414.42099403581,2025,Mar
HP,ALL,HP|ALL,2024-12-01,4,2025-04-01,77019.84844909467,78012.27875927574,2025,Apr
HP,ALL,HP|ALL,2024-12-01,5,2025-05-01,84231.05229517462,85863.2418361397,2025,May
HP,ALL,HP|ALL,2024-12-01,6,2025-06-01,87850.4824666687,88266.38597333497,2025,Jun
HP,ALL,HP|ALL,2024-12-01,7,2025-07-01,90418.68110389997,92519.14488311998,2025,Jul
HP,ALL,HP|ALL,2024-12-01,8,2025-08-01,87383.69732935549,91286.9578634844,2025,Aug
HP,ALL,HP|ALL,2024-12-01,9,2025-09-01,79942.37750585991,82429.50200468794,2025,Sep
HP,ALL,HP|ALL,2024-12-01,10,2025-10-01,70781.70172722431,73611.56138177945,2025,Oct
HP,ALL,HP|ALL,2024-12-01,11,2025-11-01,63880.5590942137,64665.64727537097,2025,Nov
HP,ALL,HP|ALL,2024-12-01,12,2025-12-01,60583.359611593616,62933.887689274896,2025,Dec
HP,HP_1PH,HP|HP_1PH,2024-12-01,1,2025-01-01,27425.965112423262,26843.57208993861,2025,Jan
HP,HP_1PH,HP|HP_1PH,2024-12-01,2,2025-02-01,27864.85624284654,27701.884994277236,2025,Feb
HP,HP_1PH,HP|HP_1PH,2024-12-01,3,2025-03-01,29840.98365738693,28598.986925909547,2025,Mar
HP,HP_1PH,HP|HP_1PH,2024-12-01,4,2025-04-01,33211.360015878185,33071.88801270255,2025,Apr
HP,HP_1PH,HP|HP_1PH,2024-12-01,5,2025-05-01,35630.31151270898,36251.24921016718,2025,May
HP,HP_1PH,HP|HP_1PH,2024-12-01,6,2025-06-01,36605.39329537925,37163.5146363034,2025,Jun
HP,HP_1PH,HP|HP_1PH,2024-12-01,7,2025-07-01,37828.13828306091,38866.71062644872,2025,Jul
HP,HP_1PH,HP|HP_1PH,2024-12-01,8,2025-08-01,36478.972605862364,38148.57808468989,2025,Aug
HP,HP_1PH,HP|HP_1PH,2024-12-01,9,2025-09-01,33608.7683353161,34939.81466825288,2025,Sep
HP,HP_1PH,HP|HP_1PH,2024-12-01,10,2025-10-01,30023.637697960614,31122.910158368493,2025,Oct
HP,HP_1PH,HP|HP_1PH,2024-12-01,11,2025-11-01,27029.936396938425,27377.949117550743,2025,Nov
HP,HP_1PH,HP|HP_1PH,2024-12-01,12,2025-12-01,27839.592595472262,27981.67407637781,2025,Dec
HP,HP_3PH,HP|HP_3PH,2024-12-01,1,2025-01-01,15556.898572019372,15391.718857615499,2025,Jan
HP,HP_3PH,HP|HP_3PH,2024-12-01,2,2025-02-01,16893.508227874136,16819.606582299308,2025,Feb
HP,HP_3PH,HP|HP_3PH,2024-12-01,3,2025-03-01,18528.69040789576,18450.752326316608,2025,Mar
HP,HP_3PH,HP|HP_3PH,2024-12-01,4,2025-04-01,20416.791497742706,20864.033198194164,2025,Apr
HP,HP_3PH,HP|HP_3PH,2024-12-01,5,2025-05-01,21471.440963957586,22052.552771166072,2025,May
HP,HP_3PH,HP|HP_3PH,2024-12-01,6,2025-06-01,22614.845788848885,22527.27663107911,2025,Jun
HP,HP_3PH,HP|HP_3PH,2024-12-01,7,2025-07-01,21914.526139112677,22630.22091129014,2025,Jul
HP,HP_3PH,HP|HP_3PH,2024-12-01,8,2025-08-01,21082.387927535376,22274.910342028303,2025,Aug
HP,HP_3PH,HP|HP_3PH,2024-12-01,9,2025-09-01,18513.784609278475,19555.42768742278,2025,Sep
HP,HP_3PH,HP|HP_3PH,2024-12-01,10,2025-10-01,16999.911553596932,18044.529242877546,2025,Oct
HP,HP_3PH,HP|HP_3PH,2024-12-01,11,2025-11-01,15662.442370086434,15973.953896069148,2025,Nov
HP,HP_3PH,HP|HP_3PH,2024-12-01,12,2025-12-01,15867.1410718002,16041.51285744016,2025,Dec
HP,HP_FIT,HP|HP_FIT,2024-12-01,1,2025-01-01,19168.207136022796,19059.96570881824,2025,Jan
HP,HP_FIT,HP|HP_FIT,2024-12-01,2,2025-02-01,20784.512293464675,20702.40983477174,2025,Feb
HP,HP_FIT,HP|HP_FIT,2024-12-01,3,2025-03-01,21942.160435114038,22059.72834809123,2025,Mar
HP,HP_FIT,HP|HP_FIT,2024-12-01,4,2025-04-01,25377.465694867842,25664.972555894274,2025,Apr
HP,HP_FIT,HP|HP_FIT,2024-12-01,5,2025-05-01,28185.46467385179,28404.371739081434,2025,May
HP,HP_FIT,HP|HP_FIT,2024-12-01,6,2025-06-01,29676.50735608464,29412.605884867713,2025,Jun
HP,HP_FIT,HP|HP_FIT,2024-12-01,7,2025-07-01,30526.986436052022,30902.98914884162,2025,Jul
HP,HP_FIT,HP|HP_FIT,2024-12-01,8,2025-08-01,29210.4428951977,30373.95431615816,2025,Aug
HP,HP_FIT,HP|HP_FIT,2024-12-01,9,2025-09-01,27797.34817878381,27916.278543027052,2025,Sep
HP,HP_FIT,HP|HP_FIT,2024-12-01,10,2025-10-01,24884.823498892853,25345.458799114283,2025,Oct
HP,HP_FIT,HP|HP_FIT,2024-12-01,11,2025-11-01,21144.836070876885,21279.06885670151,2025,Nov
HP,HP_FIT,HP|HP_FIT,2024-12-01,12,2025-12-01,20258.88412611549,21616.507300892394,2025,Dec
